melspec,Anthropophony,Biophony,Geophony,Interference,Quiet
0.png,0.98331046,0.0020674968,0.04131125,0.0025668764,0.03436709
