melspec,Anthropophony,Biophony,Geophony,Interference,Quiet
0.png,0.07614041,0.48454088,0.052557983,0.008497627,0.09918117
