melspec,Anthropophony,Biophony,Geophony,Interference,Quiet
0.png,0.16236717,0.004476256,0.058943573,0.0153576955,0.61832684
