melspec,Anthropophony,Biophony,Geophony,Interference,Quiet
0.png,0.04385574,0.044526335,0.12243732,0.0029530255,0.61235356
