melspec,Anthropophony,Biophony,Geophony,Interference,Quiet
0.png,0.029782858,0.005970901,0.09547317,0.005961905,0.97929686
