melspec,Anthropophony,Biophony,Geophony,Interference,Quiet
0.png,0.12774909,0.23233514,0.24126777,0.048328955,0.0079094125
