melspec,Anthropophony,Biophony,Geophony,Interference,Quiet
0.png,0.0039130426,0.057630386,0.18381387,0.1887433,0.004802577
