melspec,Anthropophony,Biophony,Geophony,Interference,Quiet
0.png,0.16401406,0.01054203,0.81979555,0.028491525,0.010583513
