melspec,Anthropophony,Biophony,Geophony,Interference,Quiet
0.png,0.1983847,0.018486885,0.34157318,0.30860054,0.00065218814
