melspec,Anthropophony,Biophony,Geophony,Interference,Quiet
0.png,0.41613016,0.050064772,0.018927336,0.005233804,0.8065912
