melspec,Anthropophony,Biophony,Geophony,Interference,Quiet
0.png,0.13616203,0.0033237354,0.067017965,0.010055999,0.67279905
