melspec,Anthropophony,Biophony,Geophony,Interference,Quiet
0.png,0.45900488,0.12488411,0.02000993,0.003479735,0.020286456
