melspec,Anthropophony,Biophony,Geophony,Interference,Quiet
0.png,0.069766715,0.00998104,0.027786039,0.003912476,0.78917223
