melspec,Anthropophony,Biophony,Geophony,Interference,Quiet
0.png,0.011758444,0.15056041,0.66298574,0.19018319,0.0005505232
