melspec,Anthropophony,Biophony,Geophony,Interference,Quiet
0.png,0.01702277,0.9913156,0.008726518,0.004986541,0.017120145
