melspec,Anthropophony,Biophony,Geophony,Interference,Quiet
0.png,0.11614123,0.0089602545,0.58580434,0.31275156,0.0059072706
