melspec,Anthropophony,Biophony,Geophony,Interference,Quiet
0.png,0.07186275,0.5862756,0.0014538912,0.0016670466,0.46182388
