melspec,Anthropophony,Biophony,Geophony,Interference,Quiet
0.png,0.016233144,0.14936218,0.20843458,0.0023627642,0.6638454
