melspec,Anthropophony,Biophony,Geophony,Interference,Quiet
0.png,0.00688545,0.58328396,0.14931647,0.030834569,0.010985099
