melspec,Anthropophony,Biophony,Geophony,Interference,Quiet
0.png,0.003986611,0.0028464831,0.7299355,0.7899668,0.010490765
