melspec,Anthropophony,Biophony,Geophony,Interference,Quiet
0.png,0.0053712637,0.09928008,0.3151629,0.0071236175,0.037896834
