melspec,Anthropophony,Biophony,Geophony,Interference,Quiet
0.png,0.5993403,0.28905088,0.025334183,0.020011343,0.0048901625
