melspec,Anthropophony,Biophony,Geophony,Interference,Quiet
0.png,0.5365894,0.0014277963,0.087863274,0.018695116,0.023357697
