melspec,Anthropophony,Biophony,Geophony,Interference,Quiet
0.png,0.0317311,0.0026873131,0.83348554,0.19508232,0.014091801
