melspec,Anthropophony,Biophony,Geophony,Interference,Quiet
0.png,0.03639226,0.0033918505,0.06267498,0.004516449,0.9551848
