melspec,Anthropophony,Biophony,Geophony,Interference,Quiet
0.png,0.21892141,0.4861295,0.044381615,0.0057815127,0.015543471
