melspec,Anthropophony,Biophony,Geophony,Interference,Quiet
0.png,0.3941163,0.0014569119,0.195856,0.24565704,0.00019577604
