melspec,Anthropophony,Biophony,Geophony,Interference,Quiet
0.png,0.026474817,0.004988777,0.02551971,0.0026423426,0.9495896
