melspec,Anthropophony,Biophony,Geophony,Interference,Quiet
0.png,0.04007235,0.010390912,0.123904616,0.055094536,0.42003337
