melspec,Anthropophony,Biophony,Geophony,Interference,Quiet
0.png,0.21203493,0.004386554,0.39336798,0.031708237,0.103112526
