melspec,Anthropophony,Biophony,Geophony,Interference,Quiet
0.png,0.22266021,0.0027043533,0.32226565,0.47282448,0.035722766
