melspec,Anthropophony,Biophony,Geophony,Interference,Quiet
0.png,0.05644778,0.10197814,0.017494282,0.0024561782,0.16421244
