melspec,Anthropophony,Biophony,Geophony,Interference,Quiet
0.png,0.0048289015,0.97257555,0.024590662,0.003281546,0.0038032748
