melspec,Anthropophony,Biophony,Geophony,Interference,Quiet
0.png,0.088809624,0.062273867,0.086535186,0.0034011058,0.47130537
