melspec,Anthropophony,Biophony,Geophony,Interference,Quiet
0.png,0.014573386,0.10207774,0.9078694,0.102974184,0.0037143484
