melspec,Anthropophony,Biophony,Geophony,Interference,Quiet
0.png,0.059284158,0.12363003,0.19287825,0.039621923,0.014690721
