melspec,Anthropophony,Biophony,Geophony,Interference,Quiet
0.png,0.2137384,0.0028031534,0.031522214,0.002775193,0.92911774
