melspec,Anthropophony,Biophony,Geophony,Interference,Quiet
0.png,0.029792598,0.051272027,0.092624195,0.015002728,0.08823019
