melspec,Anthropophony,Biophony,Geophony,Interference,Quiet
0.png,0.029409284,0.012395226,0.00784576,0.964411,0.0009076781
