melspec,Anthropophony,Biophony,Geophony,Interference,Quiet
0.png,0.20483106,0.004516271,0.73870325,0.01841465,0.0005407407
