melspec,Anthropophony,Biophony,Geophony,Interference,Quiet
0.png,0.14083801,0.41043776,0.047601692,0.05653904,0.0021158243
