melspec,Anthropophony,Biophony,Geophony,Interference,Quiet
0.png,0.29706356,0.0013502428,0.91672987,0.014515477,0.0042985245
