melspec,Anthropophony,Biophony,Geophony,Interference,Quiet
0.png,0.0007248596,0.81959033,0.16658416,0.030627484,0.037671275
