melspec,Anthropophony,Biophony,Geophony,Interference,Quiet
0.png,0.08134745,0.0018744201,0.31562102,0.7860237,0.000378183
