melspec,Anthropophony,Biophony,Geophony,Interference,Quiet
0.png,0.0018276011,0.9606199,0.17907096,0.008619182,0.0037322165
