melspec,Anthropophony,Biophony,Geophony,Interference,Quiet
0.png,0.15372789,0.028934613,0.05888665,0.005175184,0.85899687
