melspec,Anthropophony,Biophony,Geophony,Interference,Quiet
0.png,0.035570588,0.53788966,0.6879845,0.001312645,0.005728609
