melspec,Anthropophony,Biophony,Geophony,Interference,Quiet
0.png,0.008374884,0.030847387,0.94385654,0.019318184,0.0008759424
