melspec,Anthropophony,Biophony,Geophony,Interference,Quiet
0.png,0.007544302,0.5423023,0.69449496,0.0012797829,0.005934705
