melspec,Anthropophony,Biophony,Geophony,Interference,Quiet
0.png,0.056927163,0.008390445,0.45693567,0.017441137,0.07636694
