melspec,Anthropophony,Biophony,Geophony,Interference,Quiet
0.png,0.0060260235,0.98792493,0.0054744906,0.0037238821,0.0038933058
