melspec,Anthropophony,Biophony,Geophony,Interference,Quiet
0.png,0.13843137,0.093982145,0.2130896,0.07225959,0.0039729867
