melspec,Anthropophony,Biophony,Geophony,Interference,Quiet
0.png,0.06661486,0.09324189,0.14479215,0.23412438,0.0025787728
