melspec,Anthropophony,Biophony,Geophony,Interference,Quiet
0.png,0.18825562,0.8895084,0.012748723,0.002318842,0.0016793021
