melspec,Anthropophony,Biophony,Geophony,Interference,Quiet
0.png,0.071495354,0.02489772,0.114793256,0.012043319,0.35508335
