melspec,Anthropophony,Biophony,Geophony,Interference,Quiet
0.png,0.29039136,0.007854581,0.061222937,0.009800058,0.5546076
