melspec,Anthropophony,Biophony,Geophony,Interference,Quiet
0.png,0.1110451,0.5990744,0.0052986215,0.015087054,0.0059623993
