melspec,Anthropophony,Biophony,Geophony,Interference,Quiet
0.png,0.16220076,0.23447081,0.12815088,0.025394144,0.015212541
