melspec,Anthropophony,Biophony,Geophony,Interference,Quiet
0.png,0.07858001,0.042352915,0.03272231,0.003294141,0.81921303
