melspec,Anthropophony,Biophony,Geophony,Interference,Quiet
0.png,0.0048992713,0.8934386,0.015333451,0.0005912264,0.3203962
