melspec,Anthropophony,Biophony,Geophony,Interference,Quiet
0.png,0.02170929,0.022608444,0.1570151,0.47182277,0.0029984687
