melspec,Anthropophony,Biophony,Geophony,Interference,Quiet
0.png,0.42248955,0.06833081,0.30081236,0.009111703,0.054138694
