melspec,Anthropophony,Biophony,Geophony,Interference,Quiet
0.png,0.25513673,0.0020736586,0.05696976,0.018853106,0.7225697
