melspec,Anthropophony,Biophony,Geophony,Interference,Quiet
0.png,0.26751512,0.0053436668,0.2372383,0.030013438,0.10623298
