melspec,Anthropophony,Biophony,Geophony,Interference,Quiet
0.png,0.0023777853,0.2108029,0.10454768,0.0007869434,0.8269945
