melspec,Anthropophony,Biophony,Geophony,Interference,Quiet
0.png,0.026546642,0.88873804,0.093495905,0.004793156,0.0062068254
