melspec,Anthropophony,Biophony,Geophony,Interference,Quiet
0.png,0.079646096,0.3640898,0.05783199,0.0016680482,0.067974895
