melspec,Anthropophony,Biophony,Geophony,Interference,Quiet
0.png,0.0153306,0.022006609,0.9770339,0.036223177,0.00042989454
