melspec,Anthropophony,Biophony,Geophony,Interference,Quiet
0.png,0.0035501283,0.823391,0.29601204,0.010764365,0.0056837075
