melspec,Anthropophony,Biophony,Geophony,Interference,Quiet
0.png,0.24610607,0.0017435463,0.39301935,0.021712394,0.19105767
