melspec,Anthropophony,Biophony,Geophony,Interference,Quiet
0.png,0.04179083,0.83005595,0.007324644,0.0019751932,0.09691362
