melspec,Anthropophony,Biophony,Geophony,Interference,Quiet
0.png,0.18748358,0.0041600745,0.3345706,0.12056392,0.00087465637
