melspec,Anthropophony,Biophony,Geophony,Interference,Quiet
0.png,0.00282793,0.27362287,0.023503587,0.72477907,0.00022356851
