melspec,Anthropophony,Biophony,Geophony,Interference,Quiet
0.png,0.16023327,0.056295466,0.07900341,0.2863325,0.0003616083
