melspec,Anthropophony,Biophony,Geophony,Interference,Quiet
0.png,0.050565016,0.015454461,0.053881798,0.0031203511,0.9215742
