melspec,Anthropophony,Biophony,Geophony,Interference,Quiet
0.png,0.0038330131,0.01679011,0.98533475,0.13280268,0.007729783
