melspec,Anthropophony,Biophony,Geophony,Interference,Quiet
0.png,0.05239054,0.014566587,0.48513785,0.003405202,0.012041935
