melspec,Anthropophony,Biophony,Geophony,Interference,Quiet
0.png,0.088321224,0.040325727,0.7327085,0.042812493,0.07123474
