melspec,Anthropophony,Biophony,Geophony,Interference,Quiet
0.png,0.073570475,0.0143747665,0.06537527,0.021400496,0.7795906
