melspec,Anthropophony,Biophony,Geophony,Interference,Quiet
0.png,0.029873976,0.029954292,0.77308816,0.010058896,0.011634079
