melspec,Anthropophony,Biophony,Geophony,Interference,Quiet
0.png,0.029599108,0.020048628,0.020359803,0.008388811,0.94572884
