melspec,Anthropophony,Biophony,Geophony,Interference,Quiet
0.png,0.093274936,0.0019732642,0.078999385,0.01462131,0.8690047
