melspec,Anthropophony,Biophony,Geophony,Interference,Quiet
0.png,0.3918988,0.036053356,0.40335074,0.012444027,0.013199032
