melspec,Anthropophony,Biophony,Geophony,Interference,Quiet
0.png,0.05527932,0.002246138,0.1535661,0.032088254,0.059471134
