melspec,Anthropophony,Biophony,Geophony,Interference,Quiet
0.png,0.020867387,0.102778345,0.12005992,0.005876883,0.2083334
