melspec,Anthropophony,Biophony,Geophony,Interference,Quiet
0.png,0.10214279,0.008798879,0.6154659,0.10538663,0.0045962953
