melspec,Anthropophony,Biophony,Geophony,Interference,Quiet
0.png,0.11955514,0.004010219,0.02027452,0.016859885,0.87373334
