melspec,Anthropophony,Biophony,Geophony,Interference,Quiet
0.png,0.0193141,0.020222478,0.016839663,0.0015279141,0.9181939
