melspec,Anthropophony,Biophony,Geophony,Interference,Quiet
0.png,0.013924772,0.041371137,0.7845113,0.060018197,0.001428158
