melspec,Anthropophony,Biophony,Geophony,Interference,Quiet
0.png,0.20169458,0.050636947,0.40213695,0.06305131,0.0011991502
