melspec,Anthropophony,Biophony,Geophony,Interference,Quiet
0.png,0.06955719,0.008007171,0.088856526,0.012564884,0.8416917
