melspec,Anthropophony,Biophony,Geophony,Interference,Quiet
0.png,0.0042215292,0.30170518,0.45949697,0.065056294,0.043152206
