melspec,Anthropophony,Biophony,Geophony,Interference,Quiet
0.png,0.062261157,0.0035793174,0.15373707,0.012396078,0.7228872
