melspec,Anthropophony,Biophony,Geophony,Interference,Quiet
0.png,0.110770926,0.75506705,0.015169995,0.024886211,0.021733662
