melspec,Anthropophony,Biophony,Geophony,Interference,Quiet
0.png,0.050296538,0.11473801,0.5232214,0.0149435755,0.010674595
