melspec,Anthropophony,Biophony,Geophony,Interference,Quiet
0.png,0.066816874,0.31259194,0.051012736,0.018221267,0.09280829
