melspec,Anthropophony,Biophony,Geophony,Interference,Quiet
0.png,0.050678086,0.011919121,0.061625052,0.002049022,0.94550073
