melspec,Anthropophony,Biophony,Geophony,Interference,Quiet
0.png,0.047443822,0.43912315,0.41236728,0.00044608949,0.009003301
