melspec,Anthropophony,Biophony,Geophony,Interference,Quiet
0.png,0.09174287,0.0065273554,0.034808483,0.0071137967,0.93604755
