melspec,Anthropophony,Biophony,Geophony,Interference,Quiet
0.png,0.068622366,0.052881733,0.2658049,0.09471206,0.0029138012
