melspec,Anthropophony,Biophony,Geophony,Interference,Quiet
0.png,0.022274654,0.750042,0.039585758,0.0048340256,0.00966279
