melspec,Anthropophony,Biophony,Geophony,Interference,Quiet
0.png,0.032863878,0.003254483,0.82212305,0.044271152,0.005279227
