melspec,Anthropophony,Biophony,Geophony,Interference,Quiet
0.png,0.00063926453,0.9590307,0.422103,0.02220326,0.0027600282
