melspec,Anthropophony,Biophony,Geophony,Interference,Quiet
0.png,0.077726305,0.07498341,0.16883859,0.050065067,0.005366169
