melspec,Anthropophony,Biophony,Geophony,Interference,Quiet
0.png,0.17007796,0.013828431,0.3274363,0.086177774,0.0023494542
