melspec,Anthropophony,Biophony,Geophony,Interference,Quiet
0.png,0.2005203,0.029177412,0.47793242,0.23544532,0.0063453163
