melspec,Anthropophony,Biophony,Geophony,Interference,Quiet
0.png,0.12648363,0.017274747,0.18723139,0.038146906,0.20779096
