melspec,Anthropophony,Biophony,Geophony,Interference,Quiet
0.png,0.6591695,0.0045616706,0.16775659,0.058126725,0.0064974604
