melspec,Anthropophony,Biophony,Geophony,Interference,Quiet
0.png,0.0850139,0.0076050702,0.24249138,0.043777417,0.55636656
