melspec,Anthropophony,Biophony,Geophony,Interference,Quiet
0.png,0.041836206,0.91145253,0.015019587,0.015462153,0.004062429
