melspec,Anthropophony,Biophony,Geophony,Interference,Quiet
0.png,0.17616919,0.002833602,0.08076025,0.0041486444,0.8968041
