melspec,Anthropophony,Biophony,Geophony,Interference,Quiet
0.png,0.55770165,0.0060054115,0.39265054,0.03682024,0.017043991
