melspec,Anthropophony,Biophony,Geophony,Interference,Quiet
0.png,0.44816905,0.020437354,0.045126077,0.009333289,0.7820572
