melspec,Anthropophony,Biophony,Geophony,Interference,Quiet
0.png,0.06789312,0.0028599098,0.08130699,0.021507338,0.8671255
