melspec,Anthropophony,Biophony,Geophony,Interference,Quiet
0.png,0.6636057,0.014284076,0.12237008,0.27341312,0.00032908114
