melspec,Anthropophony,Biophony,Geophony,Interference,Quiet
0.png,0.16134025,0.013709425,0.040907793,0.019012522,0.8122682
