melspec,Anthropophony,Biophony,Geophony,Interference,Quiet
0.png,0.32706976,0.004274414,0.5014012,0.048185114,0.031125858
