melspec,Anthropophony,Biophony,Geophony,Interference,Quiet
0.png,0.12613365,0.0073437165,0.22841509,0.022006003,0.50738275
