melspec,Anthropophony,Biophony,Geophony,Interference,Quiet
0.png,0.017566124,0.19841547,0.22829539,0.0013967069,0.07677369
