melspec,Anthropophony,Biophony,Geophony,Interference,Quiet
0.png,0.027141845,0.0049842726,0.06685946,0.0026136392,0.97416943
