melspec,Anthropophony,Biophony,Geophony,Interference,Quiet
0.png,0.13089038,0.04539648,0.30242452,0.031369902,0.003104891
