melspec,Anthropophony,Biophony,Geophony,Interference,Quiet
0.png,0.04185845,0.005829674,0.80784476,0.054025613,0.04262179
