melspec,Anthropophony,Biophony,Geophony,Interference,Quiet
0.png,0.09784195,0.061250616,0.1407083,0.24252623,0.0027985573
