melspec,Anthropophony,Biophony,Geophony,Interference,Quiet
0.png,0.110220104,0.25833645,0.43098152,0.00671503,0.0033778674
