melspec,Anthropophony,Biophony,Geophony,Interference,Quiet
0.png,0.04666658,0.62244743,0.040664557,0.0018060154,0.0017485829
