melspec,Anthropophony,Biophony,Geophony,Interference,Quiet
0.png,0.0031673126,0.9274019,0.07391447,0.0020991417,0.013595675
