melspec,Anthropophony,Biophony,Geophony,Interference,Quiet
0.png,0.12701562,0.0028050095,0.099591464,0.0060744155,0.8947049
