melspec,Anthropophony,Biophony,Geophony,Interference,Quiet
0.png,0.16933237,0.34793955,0.084601335,0.033784952,0.0019309288
