melspec,Anthropophony,Biophony,Geophony,Interference,Quiet
0.png,0.036055677,0.8367884,0.013548548,0.0016233025,0.04905157
