melspec,Anthropophony,Biophony,Geophony,Interference,Quiet
0.png,0.10523599,0.0032873016,0.069960654,0.006479988,0.7193227
