melspec,Anthropophony,Biophony,Geophony,Interference,Quiet
0.png,0.018100018,0.096773796,0.18746047,0.01534179,0.13869531
