melspec,Anthropophony,Biophony,Geophony,Interference,Quiet
0.png,0.30205813,0.13093933,0.029787222,0.0013239149,0.3249621
