melspec,Anthropophony,Biophony,Geophony,Interference,Quiet
0.png,0.5659503,0.0025338782,0.3437898,0.12564795,0.0055186558
