melspec,Anthropophony,Biophony,Geophony,Interference,Quiet
0.png,0.5044122,0.0077630146,0.38138345,0.06849559,0.009370765
