melspec,Anthropophony,Biophony,Geophony,Interference,Quiet
0.png,0.02733751,0.8794132,0.15341416,0.00024282942,0.0045449706
