melspec,Anthropophony,Biophony,Geophony,Interference,Quiet
0.png,0.003739026,0.12807019,0.11881353,0.0043701786,0.8272837
