melspec,Anthropophony,Biophony,Geophony,Interference,Quiet
0.png,0.011028035,0.09453314,0.106929846,0.37190577,0.0017936544
