melspec,Anthropophony,Biophony,Geophony,Interference,Quiet
0.png,0.07270025,0.057148688,0.5106817,0.088376075,0.043440893
