melspec,Anthropophony,Biophony,Geophony,Interference,Quiet
0.png,0.5351467,0.020747442,0.008820225,0.002909279,0.115152195
