melspec,Anthropophony,Biophony,Geophony,Interference,Quiet
0.png,0.10997332,0.023963429,0.101994365,0.052845992,0.035656523
