melspec,Anthropophony,Biophony,Geophony,Interference,Quiet
0.png,0.05336427,0.72781503,0.067452565,0.0065658195,0.0018503052
