melspec,Anthropophony,Biophony,Geophony,Interference,Quiet
0.png,0.021899967,0.04713383,0.06445322,0.7027442,0.00017705414
