melspec,Anthropophony,Biophony,Geophony,Interference,Quiet
0.png,0.014949023,0.43389794,0.10116619,0.061860323,0.28846136
