melspec,Anthropophony,Biophony,Geophony,Interference,Quiet
0.png,0.11637498,0.107894085,0.08547887,0.0016398613,0.04570999
