melspec,Anthropophony,Biophony,Geophony,Interference,Quiet
0.png,0.009504642,0.71819216,0.037006635,0.06506177,0.00016185927
