melspec,Anthropophony,Biophony,Geophony,Interference,Quiet
0.png,0.010578866,0.014671876,0.6647845,0.17127773,0.016329808
