melspec,Anthropophony,Biophony,Geophony,Interference,Quiet
0.png,0.0153137455,0.009822266,0.094647914,0.0015464851,0.97036517
