melspec,Anthropophony,Biophony,Geophony,Interference,Quiet
0.png,0.038903374,0.01808212,0.11355149,0.029145623,0.63898045
