melspec,Anthropophony,Biophony,Geophony,Interference,Quiet
0.png,0.081330396,0.0152000105,0.06955293,0.0017186186,0.9418187
