melspec,Anthropophony,Biophony,Geophony,Interference,Quiet
0.png,0.10597779,0.12875137,0.59951776,0.015285347,0.0038437415
