melspec,Anthropophony,Biophony,Geophony,Interference,Quiet
0.png,0.005657687,0.8923596,0.21866731,0.011768562,0.0071129943
