melspec,Anthropophony,Biophony,Geophony,Interference,Quiet
0.png,0.024368899,0.83479095,0.14854404,0.01693205,0.0020560238
