melspec,Anthropophony,Biophony,Geophony,Interference,Quiet
0.png,0.047865566,0.1257576,0.20237416,0.0015626649,0.08368797
