melspec,Anthropophony,Biophony,Geophony,Interference,Quiet
0.png,0.044568278,0.010115567,0.07985554,0.011497776,0.79072064
