melspec,Anthropophony,Biophony,Geophony,Interference,Quiet
0.png,0.18454926,0.16773674,0.11804787,0.0046634227,0.04871155
