melspec,Anthropophony,Biophony,Geophony,Interference,Quiet
0.png,0.4868825,0.022539169,0.026224975,0.0020140153,0.27663237
