melspec,Anthropophony,Biophony,Geophony,Interference,Quiet
0.png,0.14697705,0.8008968,0.02193345,0.0034782505,0.008965671
