melspec,Anthropophony,Biophony,Geophony,Interference,Quiet
0.png,0.032302454,0.18158852,0.5348811,0.093198985,0.006406194
