melspec,Anthropophony,Biophony,Geophony,Interference,Quiet
0.png,0.012754281,0.029343208,0.14737602,0.31727248,0.00026348588
