melspec,Anthropophony,Biophony,Geophony,Interference,Quiet
0.png,0.00036315375,0.770263,0.7450839,0.01954439,0.0042298823
