melspec,Anthropophony,Biophony,Geophony,Interference,Quiet
0.png,0.049097627,0.26941967,0.61639935,0.036686793,0.020291168
