melspec,Anthropophony,Biophony,Geophony,Interference,Quiet
0.png,0.058849603,0.8329964,0.025495702,0.0036641576,0.0116779925
