melspec,Anthropophony,Biophony,Geophony,Interference,Quiet
0.png,0.0958151,0.043495562,0.2775805,0.16541144,0.00048745226
