melspec,Anthropophony,Biophony,Geophony,Interference,Quiet
0.png,0.23063697,0.0014837973,0.5854135,0.009741416,0.046318416
