melspec,Anthropophony,Biophony,Geophony,Interference,Quiet
0.png,0.01742774,0.0008619981,0.74035805,0.60071677,0.034994353
