melspec,Anthropophony,Biophony,Geophony,Interference,Quiet
0.png,0.047627285,0.0076265284,0.54442143,0.20877114,0.022471745
