melspec,Anthropophony,Biophony,Geophony,Interference,Quiet
0.png,0.11065356,0.23178016,0.1821707,0.0089003015,0.040509544
