melspec,Anthropophony,Biophony,Geophony,Interference,Quiet
0.png,0.15513715,0.0059254183,0.08149532,0.0025792944,0.5717993
