melspec,Anthropophony,Biophony,Geophony,Interference,Quiet
0.png,0.02249493,0.0030628259,0.42303133,0.061309766,0.14617471
