melspec,Anthropophony,Biophony,Geophony,Interference,Quiet
0.png,0.12245345,0.14523108,0.2970122,0.041991193,0.0073397825
