melspec,Anthropophony,Biophony,Geophony,Interference,Quiet
0.png,0.03262814,0.7334162,0.022713885,0.0039669513,0.20515168
