melspec,Anthropophony,Biophony,Geophony,Interference,Quiet
0.png,0.3840257,0.0113780685,0.10491618,0.21052238,0.0140953455
