melspec,Anthropophony,Biophony,Geophony,Interference,Quiet
0.png,0.06212529,0.67199403,0.17001419,0.0002538958,0.007841226
