melspec,Anthropophony,Biophony,Geophony,Interference,Quiet
0.png,0.61315715,0.14621855,0.011787742,0.009763201,0.09027146
