melspec,Anthropophony,Biophony,Geophony,Interference,Quiet
0.png,0.021550054,0.181198,0.012312338,0.0026999048,0.96308666
