melspec,Anthropophony,Biophony,Geophony,Interference,Quiet
0.png,0.0009909194,0.9826581,0.113822065,0.008533418,0.011513976
