melspec,Anthropophony,Biophony,Geophony,Interference,Quiet
0.png,0.012839054,0.07874315,0.19465339,0.0043855165,0.059933588
