melspec,Anthropophony,Biophony,Geophony,Interference,Quiet
0.png,0.08715036,0.007851341,0.046361346,0.0070495955,0.92196286
