melspec,Anthropophony,Biophony,Geophony,Interference,Quiet
0.png,0.5106627,0.016738126,0.43205085,0.075901665,0.0033921779
