melspec,Anthropophony,Biophony,Geophony,Interference,Quiet
0.png,0.67146647,0.008207414,0.10437522,0.18532555,0.0005668082
