melspec,Anthropophony,Biophony,Geophony,Interference,Quiet
0.png,0.40063065,0.0015713823,0.08367846,0.018223366,0.6482084
