melspec,Anthropophony,Biophony,Geophony,Interference,Quiet
0.png,0.0106388405,0.015828142,0.8837602,0.3617737,0.000600705
