melspec,Anthropophony,Biophony,Geophony,Interference,Quiet
0.png,0.024825579,0.045858294,0.5624049,0.059903223,0.0025797014
