melspec,Anthropophony,Biophony,Geophony,Interference,Quiet
0.png,0.062338434,0.35285148,0.08516591,0.00041520214,0.08639168
