melspec,Anthropophony,Biophony,Geophony,Interference,Quiet
0.png,0.25435114,0.25190097,0.02121693,0.020055624,0.0139065245
