melspec,Anthropophony,Biophony,Geophony,Interference,Quiet
0.png,0.075951844,0.0027169758,0.1049424,0.025010616,0.8569161
