melspec,Anthropophony,Biophony,Geophony,Interference,Quiet
0.png,0.06930913,0.29643562,0.029028572,0.0055061947,0.59544855
