melspec,Anthropophony,Biophony,Geophony,Interference,Quiet
0.png,0.046452098,0.8535899,0.011259776,0.007770438,0.21758097
