melspec,Anthropophony,Biophony,Geophony,Interference,Quiet
0.png,0.0017495072,0.9701431,0.19970204,0.004839274,0.0011379491
