melspec,Anthropophony,Biophony,Geophony,Interference,Quiet
0.png,0.060688455,0.102207094,0.03841759,0.004969344,0.016114574
