melspec,Anthropophony,Biophony,Geophony,Interference,Quiet
0.png,0.051741887,0.0056862356,0.035179894,0.0062766615,0.8664883
