melspec,Anthropophony,Biophony,Geophony,Interference,Quiet
0.png,0.030591134,0.005522486,0.9241985,0.018351423,0.0033261927
