melspec,Anthropophony,Biophony,Geophony,Interference,Quiet
0.png,0.10731931,0.48739958,0.08867779,0.008944571,0.024730757
