melspec,Anthropophony,Biophony,Geophony,Interference,Quiet
0.png,0.16811638,0.1603974,0.13467047,0.0017644236,0.0060816254
