melspec,Anthropophony,Biophony,Geophony,Interference,Quiet
0.png,0.005837849,0.5281442,0.7802972,0.006325705,0.0076150754
