melspec,Anthropophony,Biophony,Geophony,Interference,Quiet
0.png,0.11232959,0.20851569,0.082763396,0.03942017,0.0012205058
