melspec,Anthropophony,Biophony,Geophony,Interference,Quiet
0.png,0.039471354,0.51021594,0.08947181,0.08251996,0.00039245503
