melspec,Anthropophony,Biophony,Geophony,Interference,Quiet
0.png,0.22019008,0.044177745,0.06381557,0.011583105,0.004145745
