melspec,Anthropophony,Biophony,Geophony,Interference,Quiet
0.png,0.366346,0.043170817,0.20669991,0.0077936156,0.025940545
