melspec,Anthropophony,Biophony,Geophony,Interference,Quiet
0.png,0.03133419,0.023008797,0.08825736,0.0035233616,0.90344346
