melspec,Anthropophony,Biophony,Geophony,Interference,Quiet
0.png,0.027356643,0.4540841,0.44449574,0.16769998,0.0032912802
