melspec,Anthropophony,Biophony,Geophony,Interference,Quiet
0.png,0.028215248,0.96591693,0.008519588,0.0098486245,0.0033347493
