melspec,Anthropophony,Biophony,Geophony,Interference,Quiet
0.png,0.11947403,0.040782712,0.37096703,0.0069569005,0.039323475
