melspec,Anthropophony,Biophony,Geophony,Interference,Quiet
0.png,0.084403016,0.069091424,0.83257914,0.040452857,0.0060101245
