melspec,Anthropophony,Biophony,Geophony,Interference,Quiet
0.png,0.0020703261,0.92249626,0.03771112,0.0022352394,0.08573734
