melspec,Anthropophony,Biophony,Geophony,Interference,Quiet
0.png,0.05550647,0.0007950516,0.018310321,0.004281281,0.97349167
