melspec,Anthropophony,Biophony,Geophony,Interference,Quiet
0.png,0.07680857,0.68997574,0.098409355,0.0015970188,0.006614538
