melspec,Anthropophony,Biophony,Geophony,Interference,Quiet
0.png,0.017936543,0.067526445,0.6018288,0.039749432,0.051567048
