melspec,Anthropophony,Biophony,Geophony,Interference,Quiet
0.png,0.0048996136,0.95944566,0.013537611,0.003914394,0.03667934
