melspec,Anthropophony,Biophony,Geophony,Interference,Quiet
0.png,0.16578557,0.026745291,0.13069785,0.30068633,0.0022606195
