melspec,Anthropophony,Biophony,Geophony,Interference,Quiet
0.png,0.11333541,0.11586333,0.27832207,0.047501672,0.014556187
