melspec,Anthropophony,Biophony,Geophony,Interference,Quiet
0.png,0.33569133,0.0040953956,0.03425669,0.2069786,0.0030935616
