melspec,Anthropophony,Biophony,Geophony,Interference,Quiet
0.png,0.1505655,0.009419421,0.086118616,0.003181579,0.84575444
