melspec,Anthropophony,Biophony,Geophony,Interference,Quiet
0.png,0.14125542,0.5614755,0.005116005,0.0003249203,0.0051371325
