melspec,Anthropophony,Biophony,Geophony,Interference,Quiet
0.png,0.14464249,0.0023710984,0.80887616,0.019466506,0.008912853
