melspec,Anthropophony,Biophony,Geophony,Interference,Quiet
0.png,0.21795103,0.011976803,0.082441896,0.00038283074,0.6417163
