melspec,Anthropophony,Biophony,Geophony,Interference,Quiet
0.png,0.032739133,0.3721315,0.15920404,0.013423396,0.0024381946
