melspec,Anthropophony,Biophony,Geophony,Interference,Quiet
0.png,0.009741209,0.055008072,0.45228824,0.022965496,0.25073698
