melspec,Anthropophony,Biophony,Geophony,Interference,Quiet
0.png,0.12441077,0.030819966,0.12710632,0.66305494,0.0044744057
