melspec,Anthropophony,Biophony,Geophony,Interference,Quiet
0.png,0.028041089,0.3434873,0.054577496,0.0048163785,0.29415467
