melspec,Anthropophony,Biophony,Geophony,Interference,Quiet
0.png,0.05033401,0.21336116,0.21598567,0.003630463,0.018239051
