melspec,Anthropophony,Biophony,Geophony,Interference,Quiet
0.png,0.6943168,0.0038240328,0.37484774,0.04981276,0.016024124
