melspec,Anthropophony,Biophony,Geophony,Interference,Quiet
0.png,0.26709738,0.21735807,0.06787174,0.0062626186,0.008752414
