melspec,Anthropophony,Biophony,Geophony,Interference,Quiet
0.png,0.0039373627,0.9348906,0.039991338,0.032640174,0.00657597
