melspec,Anthropophony,Biophony,Geophony,Interference,Quiet
0.png,0.0011117391,0.98292255,0.007473065,0.0025703777,0.02266585
