melspec,Anthropophony,Biophony,Geophony,Interference,Quiet
0.png,0.22964863,0.0012333038,0.88553524,0.045292366,0.002807406
