melspec,Anthropophony,Biophony,Geophony,Interference,Quiet
0.png,0.74931955,0.0036126699,0.02763727,0.012066062,0.42697722
