melspec,Anthropophony,Biophony,Geophony,Interference,Quiet
0.png,0.012235061,0.79061115,0.015513732,0.0007924266,0.028731085
