melspec,Anthropophony,Biophony,Geophony,Interference,Quiet
0.png,0.08329296,0.0020652262,0.07434861,0.028130941,0.7466485
