melspec,Anthropophony,Biophony,Geophony,Interference,Quiet
0.png,0.30495375,0.0033179324,0.06429671,0.6576046,0.0011263319
