melspec,Anthropophony,Biophony,Geophony,Interference,Quiet
0.png,0.014776631,0.011015882,0.14988633,0.0073975637,0.9078198
