melspec,Anthropophony,Biophony,Geophony,Interference,Quiet
0.png,0.13546976,0.014023934,0.046176694,0.008180362,0.91334313
