melspec,Anthropophony,Biophony,Geophony,Interference,Quiet
0.png,0.03769511,0.6258052,0.08298482,0.0024899468,0.032969557
