melspec,Anthropophony,Biophony,Geophony,Interference,Quiet
0.png,0.023786744,0.11886754,0.13126697,0.635472,0.00044269126
