melspec,Anthropophony,Biophony,Geophony,Interference,Quiet
0.png,0.26804826,0.0013388143,0.1368432,0.014717595,0.39003357
