melspec,Anthropophony,Biophony,Geophony,Interference,Quiet
0.png,0.13803665,0.090367794,0.020047503,0.0026172479,0.33700055
