melspec,Anthropophony,Biophony,Geophony,Interference,Quiet
0.png,0.22847849,0.08513499,0.09399219,0.31846237,0.0012250183
