melspec,Anthropophony,Biophony,Geophony,Interference,Quiet
0.png,0.042894356,0.077469885,0.055938225,0.0038593777,0.81167424
