melspec,Anthropophony,Biophony,Geophony,Interference,Quiet
0.png,0.12403476,0.42576405,0.060863867,0.11829002,0.005247163
