melspec,Anthropophony,Biophony,Geophony,Interference,Quiet
0.png,0.28750005,0.73102474,0.0026848298,0.0053482484,0.11669967
