melspec,Anthropophony,Biophony,Geophony,Interference,Quiet
0.png,0.118672125,0.10014174,0.03830393,0.017655956,0.25299254
