melspec,Anthropophony,Biophony,Geophony,Interference,Quiet
0.png,0.059762508,0.0015843079,0.25082454,0.015995752,0.3679899
