melspec,Anthropophony,Biophony,Geophony,Interference,Quiet
0.png,0.020424532,0.42076886,0.006473471,0.0071485434,0.38405508
