melspec,Anthropophony,Biophony,Geophony,Interference,Quiet
0.png,0.049463596,0.0016721857,0.6299383,0.07188819,0.12381712
