melspec,Anthropophony,Biophony,Geophony,Interference,Quiet
0.png,0.04600976,0.0022104944,0.13486215,0.0054686703,0.95407194
