melspec,Anthropophony,Biophony,Geophony,Interference,Quiet
0.png,0.019509465,0.24000627,0.008166731,0.0034721007,0.8359083
