melspec,Anthropophony,Biophony,Geophony,Interference,Quiet
0.png,0.30992687,0.13420188,0.33301756,0.030500121,0.0046228757
