melspec,Anthropophony,Biophony,Geophony,Interference,Quiet
0.png,0.34321907,0.0006556501,0.58992416,0.0112781795,0.008816854
