melspec,Anthropophony,Biophony,Geophony,Interference,Quiet
0.png,0.07723631,0.062607415,0.16585207,0.36134505,0.00048466283
