melspec,Anthropophony,Biophony,Geophony,Interference,Quiet
0.png,0.12299996,0.000960389,0.8179729,0.10382753,0.0051698275
