melspec,Anthropophony,Biophony,Geophony,Interference,Quiet
0.png,0.11428168,0.024889877,0.060766716,0.0035790473,0.93994755
