melspec,Anthropophony,Biophony,Geophony,Interference,Quiet
0.png,0.041556645,0.8081378,0.06114581,0.0015601632,0.005758523
