melspec,Anthropophony,Biophony,Geophony,Interference,Quiet
0.png,0.09973556,0.018016662,0.09301665,0.0028733858,0.74773437
