melspec,Anthropophony,Biophony,Geophony,Interference,Quiet
0.png,0.13060565,0.0029562816,0.26642475,0.09496227,0.070665665
