melspec,Anthropophony,Biophony,Geophony,Interference,Quiet
0.png,0.23376027,0.012596273,0.08383298,0.0051615303,0.9284041
