melspec,Anthropophony,Biophony,Geophony,Interference,Quiet
0.png,0.13287467,0.15675125,0.038447298,0.013408073,0.29775012
