melspec,Anthropophony,Biophony,Geophony,Interference,Quiet
0.png,0.0018235495,0.12016215,0.056698747,0.0045690946,0.5395712
