melspec,Anthropophony,Biophony,Geophony,Interference,Quiet
0.png,0.19215994,0.019965343,0.10116406,0.0102129625,0.68471247
