melspec,Anthropophony,Biophony,Geophony,Interference,Quiet
0.png,0.020929076,0.7651162,0.042097446,0.022139685,0.01832077
