melspec,Anthropophony,Biophony,Geophony,Interference,Quiet
0.png,0.6295215,0.0055541215,0.053379554,0.02917788,0.10138356
