melspec,Anthropophony,Biophony,Geophony,Interference,Quiet
0.png,0.024516702,0.28143087,0.019886697,0.022841867,0.3272707
