melspec,Anthropophony,Biophony,Geophony,Interference,Quiet
0.png,0.09511449,0.010284786,0.018121993,0.010111175,0.9121082
