melspec,Anthropophony,Biophony,Geophony,Interference,Quiet
0.png,0.11525483,0.0071856086,0.44137773,0.0055365716,0.07983085
