melspec,Anthropophony,Biophony,Geophony,Interference,Quiet
0.png,0.021290358,0.03871802,0.036525853,0.6570352,0.036771305
