melspec,Anthropophony,Biophony,Geophony,Interference,Quiet
0.png,0.25983644,0.016818896,0.12762608,0.012368025,0.11465496
