melspec,Anthropophony,Biophony,Geophony,Interference,Quiet
0.png,0.43147397,0.004348109,0.16597573,0.017084518,0.29852182
