melspec,Anthropophony,Biophony,Geophony,Interference,Quiet
0.png,0.63294053,0.025549158,0.29793248,0.07732884,0.0027899966
