melspec,Anthropophony,Biophony,Geophony,Interference,Quiet
0.png,0.055633027,0.22378515,0.10281131,0.18270531,0.00059272663
