melspec,Anthropophony,Biophony,Geophony,Interference,Quiet
0.png,0.008221963,0.3573531,0.0048799887,0.0027726223,0.5974581
