melspec,Anthropophony,Biophony,Geophony,Interference,Quiet
0.png,0.06653791,0.0032749805,0.090952255,0.0052273883,0.9278314
