melspec,Anthropophony,Biophony,Geophony,Interference,Quiet
0.png,0.087936535,0.003920438,0.90989965,0.03852207,0.0012318657
