melspec,Anthropophony,Biophony,Geophony,Interference,Quiet
0.png,0.17728184,0.38829753,0.062006425,0.03509691,0.011788242
