melspec,Anthropophony,Biophony,Geophony,Interference,Quiet
0.png,0.104816996,0.012388586,0.662497,0.19421293,0.0019025194
