melspec,Anthropophony,Biophony,Geophony,Interference,Quiet
0.png,0.022707634,0.7302205,0.055321097,0.017359763,0.0070289806
