melspec,Anthropophony,Biophony,Geophony,Interference,Quiet
0.png,0.01727231,0.023641577,0.74001735,0.07067155,0.002737896
