melspec,Anthropophony,Biophony,Geophony,Interference,Quiet
0.png,0.0028182704,0.6928033,0.07183381,0.20035546,0.008709087
