melspec,Anthropophony,Biophony,Geophony,Interference,Quiet
0.png,0.027768923,0.020819869,0.018539986,0.0060907053,0.66779
