melspec,Anthropophony,Biophony,Geophony,Interference,Quiet
0.png,0.123881176,0.04360206,0.11683348,0.08671152,0.00032423178
