melspec,Anthropophony,Biophony,Geophony,Interference,Quiet
0.png,0.034282017,0.0073100952,0.039907478,0.021379385,0.187626
