melspec,Anthropophony,Biophony,Geophony,Interference,Quiet
0.png,0.019322695,0.09236505,0.78521395,0.04588582,0.0011530505
