melspec,Anthropophony,Biophony,Geophony,Interference,Quiet
0.png,0.13848329,0.030648295,0.12649237,0.0015012037,0.45444468
