melspec,Anthropophony,Biophony,Geophony,Interference,Quiet
0.png,0.03093645,0.0015043756,0.019894954,0.010909035,0.97218204
