melspec,Anthropophony,Biophony,Geophony,Interference,Quiet
0.png,0.0012034327,0.5338921,0.7736636,0.038991414,0.003178053
