melspec,Anthropophony,Biophony,Geophony,Interference,Quiet
0.png,0.014647548,0.9700731,0.045719568,0.004355296,0.01333037
