melspec,Anthropophony,Biophony,Geophony,Interference,Quiet
0.png,0.0982374,0.009537375,0.113070294,0.016424749,0.60558444
