melspec,Anthropophony,Biophony,Geophony,Interference,Quiet
0.png,0.022289975,0.20677091,0.11607542,0.0008325973,0.6880001
