melspec,Anthropophony,Biophony,Geophony,Interference,Quiet
0.png,0.122638285,0.13116984,0.013596596,0.10646115,0.114029236
