melspec,Anthropophony,Biophony,Geophony,Interference,Quiet
0.png,0.05734298,0.01793767,0.094714455,0.008297941,0.49225155
