melspec,Anthropophony,Biophony,Geophony,Interference,Quiet
0.png,0.017766954,0.7362126,0.07226502,0.0058767125,0.048252776
