melspec,Anthropophony,Biophony,Geophony,Interference,Quiet
0.png,0.064735085,0.024380023,0.6947688,0.15895724,0.010901453
