melspec,Anthropophony,Biophony,Geophony,Interference,Quiet
0.png,0.019441266,0.050780077,0.18309636,0.7205007,0.0012718388
