melspec,Anthropophony,Biophony,Geophony,Interference,Quiet
0.png,0.008435534,0.17167304,0.4059211,0.0017989855,0.21578562
