melspec,Anthropophony,Biophony,Geophony,Interference,Quiet
0.png,0.80646807,0.033722576,0.020926213,0.0033143912,0.1421983
