melspec,Anthropophony,Biophony,Geophony,Interference,Quiet
0.png,0.025930464,0.9106814,0.009045919,0.008874743,0.021485949
