melspec,Anthropophony,Biophony,Geophony,Interference,Quiet
0.png,0.007276984,0.8259469,0.054395027,0.0030697128,0.028191365
