melspec,Anthropophony,Biophony,Geophony,Interference,Quiet
0.png,0.022831045,0.084448285,0.106954224,0.05906404,0.5429363
