melspec,Anthropophony,Biophony,Geophony,Interference,Quiet
0.png,0.52397573,0.007409944,0.091010496,0.32496879,0.00036438575
