melspec,Anthropophony,Biophony,Geophony,Interference,Quiet
0.png,0.024112277,0.29231203,0.018790547,0.0081919925,0.5054662
