melspec,Anthropophony,Biophony,Geophony,Interference,Quiet
0.png,0.011719091,0.059256032,0.93273735,0.06604109,0.0024191572
