melspec,Anthropophony,Biophony,Geophony,Interference,Quiet
0.png,0.21321756,0.07882559,0.086952195,0.022643678,0.007876663
