melspec,Anthropophony,Biophony,Geophony,Interference,Quiet
0.png,0.030348849,0.017112035,0.7555226,0.13032061,0.005627284
