melspec,Anthropophony,Biophony,Geophony,Interference,Quiet
0.png,0.029075118,0.38132194,0.31316885,0.029151194,0.020607486
