melspec,Anthropophony,Biophony,Geophony,Interference,Quiet
0.png,0.008819266,0.7292779,0.21648182,0.022480572,0.016784145
