melspec,Anthropophony,Biophony,Geophony,Interference,Quiet
0.png,0.17854974,0.10108386,0.059764825,0.0011062546,0.86057484
