melspec,Anthropophony,Biophony,Geophony,Interference,Quiet
0.png,0.17221962,0.029749589,0.040417813,0.43795162,0.0042156302
