melspec,Anthropophony,Biophony,Geophony,Interference,Quiet
0.png,0.18317422,0.68975866,0.019969095,0.016168067,0.0004150241
