melspec,Anthropophony,Biophony,Geophony,Interference,Quiet
0.png,0.019442583,0.025625736,0.41104332,0.023372328,0.16378811
