melspec,Anthropophony,Biophony,Geophony,Interference,Quiet
0.png,0.102625884,0.16463688,0.017837072,0.027813775,0.25775963
