melspec,Anthropophony,Biophony,Geophony,Interference,Quiet
0.png,0.29803246,0.0033272663,0.13236511,0.0017044904,0.107499495
