melspec,Anthropophony,Biophony,Geophony,Interference,Quiet
0.png,0.3412815,0.0004733875,0.049297363,0.0066137733,0.8739134
