melspec,Anthropophony,Biophony,Geophony,Interference,Quiet
0.png,0.09385483,0.013518356,0.8872167,0.22037499,0.0005658681
