melspec,Anthropophony,Biophony,Geophony,Interference,Quiet
0.png,0.034763806,0.82698953,0.017261485,0.19575553,0.008773106
