melspec,Anthropophony,Biophony,Geophony,Interference,Quiet
0.png,0.006403217,0.9704765,0.0020613344,0.0024862245,0.1283649
