melspec,Anthropophony,Biophony,Geophony,Interference,Quiet
0.png,0.27919078,0.43510735,0.015465912,0.0019102141,0.062222224
