melspec,Anthropophony,Biophony,Geophony,Interference,Quiet
0.png,0.062134333,0.023376215,0.85908204,0.032820754,0.009665738
