melspec,Anthropophony,Biophony,Geophony,Interference,Quiet
0.png,0.09992556,0.83579874,0.018537479,0.030011417,0.049766306
