melspec,Anthropophony,Biophony,Geophony,Interference,Quiet
0.png,0.48619804,0.23871252,0.005339395,0.00093496835,0.25790113
