melspec,Anthropophony,Biophony,Geophony,Interference,Quiet
0.png,0.056110255,0.015498197,0.09181018,0.80611944,0.00036867487
