melspec,Anthropophony,Biophony,Geophony,Interference,Quiet
0.png,0.081685,0.00029986666,0.7419675,0.52321297,0.00044036022
