melspec,Anthropophony,Biophony,Geophony,Interference,Quiet
0.png,0.4995458,0.006112709,0.03927135,0.0041754395,0.13658266
