melspec,Anthropophony,Biophony,Geophony,Interference,Quiet
0.png,0.0720408,0.034270905,0.6259326,0.030892516,0.0071473317
