melspec,Anthropophony,Biophony,Geophony,Interference,Quiet
0.png,0.25135085,0.1797717,0.022403385,0.0013686181,0.26009914
