melspec,Anthropophony,Biophony,Geophony,Interference,Quiet
0.png,0.42315954,0.47839618,0.011853959,0.0059417593,0.0029003501
