melspec,Anthropophony,Biophony,Geophony,Interference,Quiet
0.png,0.031532418,0.1945251,0.48611563,0.0037920773,0.39767924
