melspec,Anthropophony,Biophony,Geophony,Interference,Quiet
0.png,0.029735638,0.0033364648,0.7437648,0.19592117,0.0033817736
