melspec,Anthropophony,Biophony,Geophony,Interference,Quiet
0.png,0.013667323,0.17674716,0.073051274,0.0015984763,0.8311212
