melspec,Anthropophony,Biophony,Geophony,Interference,Quiet
0.png,0.20616624,0.0038197197,0.94074285,0.008290826,0.004761211
