melspec,Anthropophony,Biophony,Geophony,Interference,Quiet
0.png,0.52596784,0.37557542,0.018778069,0.0151358675,0.0039774915
