melspec,Anthropophony,Biophony,Geophony,Interference,Quiet
0.png,0.07095805,0.0077932063,0.5582507,0.074056745,0.03918034
