melspec,Anthropophony,Biophony,Geophony,Interference,Quiet
0.png,0.06304586,0.0036173982,0.40829378,0.11398769,0.0037456823
