melspec,Anthropophony,Biophony,Geophony,Interference,Quiet
0.png,0.19766933,0.022326099,0.37178752,0.107488684,0.01761385
