melspec,Anthropophony,Biophony,Geophony,Interference,Quiet
0.png,0.6743985,0.30535367,0.01676175,0.0031544457,0.0029041863
